first_name,last_name,student_id,gender,grade
Yalonda,Eccott,1796,Female,11
Marleah,Gammill,1868,Female,1
Myrtle,Carrane,1834,Female,1
Othilie,Scholtis,1467,Female,8
Rozalin,Cheng,1691,Female,8
Jeannie,Sinnock,1529,Female,5
Lyda,Kroger,1453,Female,9
Justin,Perry,1283,Male,2
Rhianon,Gouinlock,1468,Female,8
Gwyn,LAbbet,1894,Female,9
Tallie,Bauser,1214,Female,1
Herb,Bax,1244,Male,12
Brigit,Geraud,1567,Female,11
Deloris,Delea,1189,Female,7
Shelby,Fredi,1222,Male,8
Eleonora,Voysey,1353,Female,11
Dix,Oxbury,1635,Female,10
Rhianna,Kehoe,1879,Female,1
Ashli,Piatkowski,1531,Female,12
Bronny,Dashwood,1721,Male,11
Virgie,Boulde,1592,Female,7
Adela,Tampin,1903,Female,8
Randal,O' Sullivan,1954,Male,6
Brandy,Caser,1756,Male,6
Kevan,Corss,1885,Male,6
Artair,Prowse,1375,Male,9
Karola,Marlin,1188,Female,7
Glynis,Adolfson,1739,Female,6
Malachi,Scurr,1655,Male,5
Caren,Prescott,1784,Female,11
Arron,Antonchik,1435,Male,7
Barron,Dandie,1775,Male,8
Abrahan,Stearns,1713,Male,6
Sileas,Bellwood,1542,Female,10
Bondon,Harford,1223,Male,6
Emilee,Riccardo,1651,Female,9
Frazier,Piscopello,1294,Male,11
Melodee,Stockings,1936,Female,10
Kay,Lawtey,1939,Female,7
Hartley,Oliveira,1787,Male,6
Erma,Mazin,1323,Female,7
Mireille,Amies,1752,Female,2
Marcelle,Bennallck,1947,Female,4
Meg,Keaysell,1092,Female,4
Aliza,Varlow,1687,Female,12
Anitra,Bosward,1000,Female,2
Berte,Haslin,1030,Female,8
Barnabas,Bolens,1601,Male,2
Minor,Brammar,1750,Male,5
Hendrika,Lindop,1621,Female,5
Henry,Crevy,1265,Male,9
Ewen,Frankel,1626,Male,12
Katine,Hacking,1837,Female,9
Sacha,Volage,1424,Female,3
Rudyard,Swires,1698,Male,4
Latisha,Danbury,1678,Female,4
Kirby,Caccavale,1614,Female,2
Adolphus,Orbine,1872,Male,10
Eldredge,Blasius,1463,Male,11
Auria,Olensby,1304,Female,1
Gwennie,Ranstead,1949,Female,2
Simeon,Fabbro,1213,Male,5
Antonio,Ivashkov,1917,Male,12
Fanchon,Nelthorpe,1952,Female,7
Sylvan,Daintry,1950,Male,12
Dennison,Burndred,1631,Male,8
Yanaton,Twede,1621,Male,8
Hershel,Hufton,1817,Male,9
Harlen,Kinnen,1930,Male,9
Zaneta,Hatherall,1039,Female,7
Cris,Colling,1259,Male,3
Avivah,Clayworth,1337,Female,4
Jasun,Boules,1503,Male,12
Mallory,Abeles,1603,Female,11
Vincents,Rimes,1736,Male,6
Maurits,Hulatt,1829,Male,8
Neila,Hegden,1807,Female,5
Aubine,Birkenshaw,1747,Female,12
Jasmine,Banane,1254,Female,1
Teresita,Laise,1358,Female,12
Siouxie,Reany,1808,Female,3
Lilly,Lamasna,1967,Female,8
Debbie,Pettyfer,1496,Female,6
Remington,Pechet,1243,Male,6
Erich,Duffree,1761,Male,12
Colene,Mateiko,1094,Female,3
Torrie,Colston,1623,Female,3
Anne-corinne,Wellstood,1021,Female,1
Harland,Emsley,1877,Male,2
Phaidra,MacCague,1858,Female,8
Alec,Tupman,1856,Male,8
Belle,Terbeck,1382,Female,12
Hamish,McQuorkel,1055,Male,10
Renee,Ramsay,1573,Female,10
Farlay,Szymanski,1648,Male,7
Joaquin,Cristofvao,1032,Male,1
Pyotr,Boost,1549,Male,9
Inness,Ossenna,1087,Male,12
Rolando,Vedenyapin,1907,Male,9
Hetty,Adamo,1016,Female,7
Essy,Russon,1297,Female,3
Francisca,Khadir,1915,Female,6
Preston,Elkington,1874,Male,1
Nicoline,Viste,1849,Female,12
Basile,MacCarrane,1144,Male,3
Corbie,Duckels,1658,Male,8
Breena,Noor,1739,Female,2
Chauncey,China,1310,Male,5
Chic,Tremellier,1231,Male,1
Virgie,Schapero,1764,Male,12
Georg,Petriello,1827,Male,6
Bat,Chilcott,1219,Male,4
Lucian,Nanelli,1674,Male,2
Rowan,Canto,1531,Male,3
Olimpia,Petracchi,1060,Female,1
Yancy,Marcone,1926,Male,6
Josie,Piscopello,1551,Female,3
Gannie,Laimable,1640,Male,9
York,Degnen,1777,Male,11
Tobin,Cant,1147,Male,4
Cathe,Andrasch,1079,Female,3
Anastasie,Sherrott,1701,Female,8
Phyllys,Kiffe,1568,Female,10
Trisha,Ugoletti,1305,Female,6
Camey,Gergely,1747,Male,3
Donn,Stormont,1080,Male,3
Lay,Kachel,1701,Male,5
Kathryn,Deason,1398,Female,3
Lani,Pennycuick,1870,Female,7
Fawn,Meys,1638,Female,12
Lennard,Issacof,1205,Male,6
Carly,Jouning,1544,Female,7
Molli,Demcik,1750,Female,5
Jayne,Sackes,1422,Female,12
Kristos,Colnet,1382,Male,1
Edwin,Gerrets,1214,Male,6
Winona,Huison,1271,Female,7
Arleta,Duckworth,1176,Female,1
Washington,Goldby,1349,Male,9
Scott,Cansdill,1912,Male,7
Dorita,Chidler,1488,Female,3
Floyd,Hanny,1954,Male,8
Greta,Fant,1951,Female,9
Tann,Rosenwasser,1599,Male,4
Brodie,Middell,1584,Male,7
Byrom,Brake,1109,Male,2
Forester,Albro,1978,Male,11
Toby,Bernardelli,1229,Male,5
Ajay,Linforth,1066,Female,9
Johnathan,Jayume,1158,Male,11
Shane,MacIlurick,1297,Male,6
Ulick,Serle,1308,Male,4
Donn,Hedges,1894,Male,10
Flore,Parlott,1506,Female,4
Bambi,Vagg,1477,Female,10
Nollie,Cowgill,1247,Male,1
Zola,Akred,1819,Female,7
Ive,Jossum,1838,Male,12
Barr,Watkiss,1631,Male,7
Kalila,Hugli,1172,Female,6
Yvonne,Jekel,1806,Female,4
Chan,Berzins,1620,Male,10
Jeanie,Cosham,1711,Female,10
Wilt,Pellamonuten,1725,Male,7
Valina,Dassindale,1647,Female,6
Kath,Lawry,1772,Female,8
Sissie,Trew,1369,Female,12
Tulley,Cheyne,1029,Male,9
Tymon,Rubi,1883,Male,3
Frederica,Blenkhorn,1167,Female,9
Francesca,Knox,1623,Female,3
Myrtia,Hardisty,1239,Female,6
Son,Dilon,1490,Male,7
Lissa,Demange,1043,Female,6
Siobhan,O'Halleghane,1934,Female,1
Emmy,McCooke,1608,Male,8
Casar,Danelut,1672,Male,5
Kai,Quinnelly,1584,Female,8
Clari,Liccardo,1783,Female,4
Jessie,Pentycost,1387,Male,9
Kalvin,Wiggington,1269,Male,4
Lazare,Hugh,1448,Male,4
Adella,Boughen,1937,Female,7
Ban,Buckthought,1184,Male,5
Mahalia,Moller,1441,Female,5
Moss,Swalteridge,1479,Male,8
Helli,Batrip,1002,Female,11
Juliette,Janous,1539,Female,8
Suzanna,Macro,1019,Female,5
Dyana,Crockatt,1627,Female,1
Al,Ludlom,1875,Male,4
Conny,Hunnawill,1415,Female,4
Toni,Thunders,1597,Female,8
Waneta,Rodbourne,1564,Female,1
Bessie,Jancey,1539,Female,3
Wake,Gaffey,1245,Male,10
Bernhard,Goldine,1472,Male,8
Eben,Hearons,1337,Male,12
Cristine,Bagwell,1440,Female,10
Estevan,Barribal,1294,Male,5
Flem,Noddle,1189,Male,5
Cathyleen,Phebey,1214,Female,8
Delly,Arlett,1247,Female,12
Tonia,Moukes,1137,Female,5
Bartolemo,Geaves,1181,Male,2
Mick,Castillon,1187,Male,11
Roderick,Hise,1321,Male,3
Zahara,Gullivent,1655,Female,9
Merl,Ludovici,1405,Female,8
Millard,Crim,1246,Male,2
Osgood,Bummfrey,1320,Male,9
Towney,McGaughey,1550,Male,12
Karlens,Savine,1540,Male,5
Oliy,Marnane,1357,Female,4
Cindee,Paulat,1893,Female,11
Clementine,Casol,1350,Female,6
Cele,Littledyke,1302,Female,12
Stefano,Metterick,1866,Male,3
Philip,Raimbauld,1151,Male,9
Millard,Hubbis,1015,Male,9
Barn,Cawthron,1092,Male,5
Adela,Duncklee,1658,Female,1
Stefano,Scarse,1739,Male,5
Loella,Dalman,1606,Female,1
Fleurette,Heller,1335,Female,9
Morie,Erb,1052,Male,3
Zea,Rudloff,1326,Female,9
Brewster,Addinall,1026,Male,2
Ermanno,Filippucci,1304,Male,8
Marrilee,Elgood,1117,Female,5
Anastasie,Kobieriecki,1067,Female,12
Thorpe,Pentelo,1606,Male,5
Elena,Collcott,1716,Female,6
Eldredge,McCloughen,1637,Male,2
Agustin,Haughey,1897,Male,12
Ursola,Hardeman,1760,Female,8
Margot,Cashman,1184,Female,11
Minne,Haggata,1885,Female,8
Gannon,Brunt,1105,Male,3
Sabina,Moses,1064,Female,7
Naoma,Duignan,1703,Female,7
Erika,Eastbrook,1471,Female,6
Kally,Jaze,1043,Female,6
Brody,Tallboy,1548,Male,4
Corbet,Gittis,1649,Male,7
Merell,Leathart,1655,Male,3
Teador,Litherborough,1052,Male,4
Gaile,Blagbrough,1088,Male,5
Pris,North,1507,Female,10
Sara-ann,Scowcroft,1417,Female,8
Alonzo,Gadson,1853,Male,8
Christa,Tabord,1039,Female,10
Salvidor,Hurlestone,1332,Male,11
Sol,Colclough,1482,Male,11
Farah,Boxhill,1412,Female,1
Ferrel,Pawellek,1013,Male,9
Maurie,Ribbens,1244,Male,2
Tyson,Trevers,1834,Male,2
Wilbert,Stuckow,1192,Male,10
Pacorro,Powter,1348,Male,4
Marvin,Leander,1118,Male,3
Clari,Pluvier,1483,Female,5
Dory,Charpling,1069,Male,1
Elenore,Athridge,1662,Female,1
Kelcy,Kerswill,1455,Female,8
Kania,O'Callaghan,1030,Female,3
Malanie,Hansemann,1022,Female,7
Nerta,Jones,1389,Female,12
Adoree,Langham,1572,Female,9
Terrel,Karby,1142,Male,5
Emelyne,Mullins,1950,Female,1
Josee,Tate,1044,Female,11
Hildegaard,Walkey,1057,Female,5
Codie,Rawkesby,1864,Male,5
Charlot,Aikin,1195,Female,7
Lambert,Madgewick,1689,Male,11
Essy,Edmands,1452,Female,3
Dennis,Rabidge,1162,Male,10
Laurena,Olufsen,1824,Female,4
Cleavland,Kinsella,1775,Male,11
Christoffer,Drew-Clifton,1986,Male,3
Gaven,Guillet,1990,Male,3
Anatol,Bourke,1165,Male,7
Avrom,Mathonnet,1681,Male,9
Allyce,Tadd,1918,Female,9
Lilias,Saterweyte,1360,Female,4
Miran,Jeschner,1771,Female,12
Jan,Tartt,1055,Male,3
Shanda,Blackey,1993,Female,9
Ebeneser,Watters,1260,Male,10
Auberon,Cominoli,1798,Male,4
Randie,Mart,1719,Female,10
Melissa,Bissell,1913,Female,1
Etta,Hasker,1317,Female,5
Neville,Edmonds,1683,Male,1
Dolf,Strangward,1153,Male,7
Gerick,McGarrie,1228,Male,7
Aretha,Clemitt,1238,Female,2
Drusie,Kusick,1936,Female,5
Jodie,Robertacci,1947,Female,3
Phillipp,Ert,1791,Male,5
Gray,Rothermel,1503,Male,8
Harlene,Bignold,1088,Female,1
Candra,Chandler,1382,Female,3
Ardith,Ellacott,1529,Female,5
Marc,Hassell,1294,Male,9
Barclay,Sancias,1830,Male,8
Tremain,Blower,1209,Male,3
Westbrook,Coon,1722,Male,7
Tobi,Mapledorum,1635,Female,12
Ad,Kelwick,1924,Male,10
Ambrosio,Scotland,1765,Male,5
Mignonne,Le Noir,1464,Female,1
Stillman,Hurt,1832,Male,3
Davis,Drayn,1922,Male,4
Daile,Lordon,1322,Female,4
Grayce,Moizer,1143,Female,8
Emmerich,Attow,1471,Male,9
Iago,Brazil,1876,Male,8
Sancho,Sprasen,1696,Male,8
Veronika,Husthwaite,1494,Female,3
Nicolais,Simmen,1572,Male,6
Anastassia,Boullen,1293,Female,1
Sharl,Dukelow,1484,Female,5
Augustus,Rapp,1796,Male,1
Margeaux,Sugden,1281,Female,5
Dare,Spires,1084,Male,12
Paige,Bakeup,1451,Male,1
Yvon,Plowman,1519,Male,10
Benji,Grzelak,1543,Male,11
Reinold,Merida,1726,Male,7
Kristopher,Josephs,1844,Male,7
Lucas,Trumper,1365,Male,7
Clotilda,Backshell,1361,Female,12
Bobbette,Rawkesby,1352,Female,2
Sharyl,Gautrey,1354,Female,7
Inger,McMonnies,1820,Female,6
Audre,Eykelhof,1048,Female,7
Garner,Nelius,1542,Male,8
Lorette,Argo,1620,Female,7
Archambault,Pulman,1810,Male,10
Goddart,Gerg,1817,Male,10
Orson,Tomaszewicz,1634,Male,7
Kienan,Diglin,1883,Male,6
Shea,Bonwick,1438,Female,1
Victoir,Stocky,1344,Male,2
Finlay,Trewartha,1513,Male,4
Matthus,Doiley,1076,Male,2
Catie,Hosten,1338,Female,9
Roddy,Durtnall,1701,Male,2
Gaylord,Iamittii,1742,Male,12
Kyle,Gurery,1142,Male,3
Darline,Thorp,1269,Female,9
Carri,Burrows,1379,Female,1
Read,Mordecai,1992,Male,12
Koral,Cristoferi,1847,Female,4
Emilee,Alleyne,1266,Female,3
Osbourn,Swires,1556,Male,4
Bobbette,Yorath,1595,Female,3
Alphard,Dryden,1644,Male,8
Kylie,O'Kielt,1667,Male,10
Eddi,Gilkes,1502,Female,6
Phelia,Eagling,1131,Female,9
Josh,Gommes,1252,Male,3
Krysta,Marzello,1507,Female,6
Vanya,Jellman,1508,Female,5
Giavani,Jon,1826,Male,7
Saunderson,Petch,1040,Male,4
Barri,Bortolazzi,1546,Male,5
Savina,Zupo,1247,Female,1
Angie,Licciardo,1005,Female,10
Laughton,Heersema,1767,Male,11
Standford,Puleque,1467,Male,2
Wilburt,Halpen,1943,Male,7
Elwin,Broadhurst,1684,Male,5
Cy,Pre,1323,Male,9
Bridget,Sheara,1330,Female,8
Marshall,Allsep,1011,Male,8
Rossy,Graffham,1337,Male,8
Imelda,Gahan,1041,Female,3
Henrik,Gummie,1652,Male,8
Carling,Whatley,1127,Male,3
Tabbie,Mountstephen,1316,Female,8
Peria,Kynvin,1027,Female,6
Gavan,Plaschke,1029,Male,8
Mayor,Cahey,1711,Male,6
Tallulah,Akram,1291,Female,2
Sherline,Lanchberry,1587,Female,7
Jorie,Dignam,1676,Female,8
Therese,Cheng,1854,Female,6
Royall,Whetland,1867,Male,11
Patrice,Birdwhistle,1371,Female,12
Karlee,Benedick,1060,Female,8
Elfrida,Willshear,1836,Female,4
Rodie,Astie,1103,Female,4
Gustie,Bagguley,1371,Female,11
Bree,Jeanes,1069,Female,5
Wilek,Fazackerley,1895,Male,9
Joya,Hardi,1032,Female,4
Luca,Habben,1064,Male,3
Woodrow,Carn,1382,Male,10
Ulla,Adshed,1112,Female,6
Arnoldo,Ciccarello,1544,Male,3
Des,MacPaden,1224,Male,7
Monroe,Francombe,1783,Male,3
Jerri,Gerran,1310,Male,3
Matthew,Gentiry,1738,Male,6
Judah,Ahern,1553,Male,11
Danie,Chicotti,1357,Male,11
Dodie,Rapper,1783,Female,3
Irene,Ruby,1878,Female,3
Mariette,Matschke,1995,Female,11
Matthiew,Clericoates,1278,Male,12
Lucretia,MacRirie,1370,Female,9
Christyna,Goady,1603,Female,6
Petra,Sazio,1200,Female,10
Almeta,Corrigan,1469,Female,3
Tobiah,Watkiss,1235,Male,4
Moore,Spandley,1597,Male,9
Gabriellia,Melson,1657,Female,10
Arda,Dettmar,1599,Female,4
Farlee,Piggford,1860,Male,8
Jasmine,McAsgill,1803,Female,11
Fredrick,Stathor,1339,Male,9
Ronnie,Huxstep,1687,Female,3
Lorenzo,Noller,1162,Male,6
Ashien,Keming,1382,Female,11
Esmaria,Perrelli,1560,Female,10
Leilah,Lamplough,1312,Female,2
Patricio,Enticott,1616,Male,1
Theadora,Van den Dael,1142,Female,4
Wernher,Golson,1785,Male,10
Catha,Claremont,1231,Female,4
Brucie,Gulberg,1216,Male,1
Carin,Dax,1413,Female,11
Dominique,Barnaclough,1186,Male,9
Beitris,Jeste,1091,Female,5
Iolande,Busst,1967,Female,6
Leoline,Downham,1448,Female,3
Gottfried,Hail,1981,Male,5
Staci,O'Concannon,1001,Female,9
Petronilla,Corradengo,1186,Female,7
Reynold,Ingleton,1559,Male,6
Dannie,Absalom,1843,Female,7
Cati,Cornier,1123,Female,4
Lotte,Chaddock,1081,Female,2
Sheelah,Rustan,1960,Female,1
Shanie,Pilmore,1955,Female,11
Byrann,Connal,1317,Male,8
Candis,Gotts,1494,Female,3
Maddy,Tuma,1120,Female,5
Jacklyn,Stanlock,1867,Female,7
Christian,Aggs,1127,Female,1
Alejandra,Hosier,1155,Female,6
Lexine,Malby,1312,Female,11
Dominique,Blare,1523,Male,9
Cale,Wareham,1439,Male,7
Zacharie,Barnet,1348,Male,6
Alexandros,Doorey,1297,Male,7
Kaela,Redholls,1348,Female,5
Ulises,Colbran,1878,Male,9
Casey,Lefeuvre,1998,Female,10
Anthe,Emanueli,1432,Female,5
Bondie,Armatage,1175,Male,4
Genny,Shillaber,1371,Female,9
Karalee,Twort,1213,Female,12
Margette,Thurlborn,1234,Female,12
Kailey,Rodge,1618,Female,7
Kaile,De Maine,1430,Female,9
Margit,Hankins,1483,Female,6
Jacklyn,Duckerin,1088,Female,6
Giorgi,Micka,1924,Male,5
Meredeth,Whistlecraft,1105,Male,10
Jonis,Pierro,1165,Female,9
Francoise,Pfertner,1171,Female,1
Desmond,Surgenor,1219,Male,6
Cesare,Allridge,1679,Male,7
Xenia,Scutter,1622,Female,2
Eleanor,Skittrell,1217,Female,6
Wyndham,McQuorkel,1277,Male,10
Martelle,Marner,1049,Female,10
Sarine,Gabbitis,1580,Female,8
Pierson,McLevie,1510,Male,7
Bram,Stockport,1695,Male,1
Linoel,Macbeth,1033,Male,8
Ave,Cayet,1780,Male,5
Lisette,Maffi,1453,Female,8
Lilith,Beckensall,1959,Female,11
Tiebout,Wimpress,1731,Male,6
Audie,Pree,1291,Female,4
Gisele,Conville,1658,Female,6
Keir,Beange,1651,Male,7
Benito,Breed,1097,Male,5
Ruddy,Fearenside,1121,Male,5
Gweneth,Scrivinor,1229,Female,6
Dimitri,Gosney,1332,Male,1
Ashley,Stodhart,1808,Male,8
Bev,Salters,1855,Male,10
Sylvester,Semrad,1786,Male,4
Joell,Gudge,1483,Female,10
Sybille,Stairmand,1274,Female,8
Liz,Cail,1918,Female,4
Gerrie,Lawson,1101,Female,4
Gae,Allberry,1844,Female,8
Morganica,Elford,1778,Female,7
Sonnie,Barefoot,1581,Male,12
Harley,Bastistini,1872,Male,10
Rolf,Lynd,1700,Male,4
Magnum,Parslow,1025,Male,1
Maryann,Craighead,1175,Female,10
Stacee,Jillions,1809,Male,12
Dylan,Cobbold,1311,Male,10
Bay,Krishtopaittis,1190,Male,9
Akim,Vasyagin,1295,Male,10
Adrian,Miche,1794,Female,3
Judie,Lemin,1247,Female,1
Faun,Jorissen,1696,Female,1
Kally,Fruin,1177,Female,7
Freddy,Dunning,1080,Female,2
Jonas,Kiera,1419,Male,1
Joellyn,Victor,1022,Female,7
Shepard,Keegan,1569,Male,3
Ericha,Kirmond,1238,Female,12
Xerxes,De Meyer,1865,Male,4
Kerr,Ricco,1318,Male,7
Raine,Eveleigh,1246,Female,10
Kacy,Izsak,1616,Female,4
Jeanette,Snawdon,1515,Female,10
Holt,Blades,1979,Male,2
Anissa,Barnwell,1568,Female,5
Maria,Hovey,1391,Female,1
Alexandre,Richter,1744,Male,7
Lexy,Maslin,1275,Female,10
Tadio,Ketteridge,1974,Male,9
Andras,Bassford,1066,Male,4
Edee,Gossart,1505,Female,12
Paten,Bohlje,1878,Male,3
Geoffrey,Bruhnke,1279,Male,8
Laurens,Ewart,1214,Male,8
Derrek,Daens,1921,Male,12
Loria,Gapper,1193,Female,8
Julie,Pencott,1191,Female,3
Rodger,Fewell,1521,Male,2
Hester,Dieton,1894,Female,1
Carree,Cleef,1854,Female,5
Olag,Jerg,1235,Male,4
Sidonnie,Byres,1669,Female,9
Minor,BoHlingolsen,1890,Male,7
Sutton,Hasel,1108,Male,2
Meredeth,Shitliffe,1115,Male,5
Geoff,Pinks,1698,Male,1
Keelby,Abarough,1280,Male,5
Matthaeus,Harbin,1674,Male,11
Baxy,Ivchenko,1093,Male,11
Josephina,Blofield,1256,Female,12
Marylou,Habgood,1879,Female,7
Elden,Fidgett,1758,Male,10
Warren,Bergin,1665,Male,12
Danell,Tressler,1079,Female,2
Curtis,Mechic,1757,Male,9
Letta,Tebb,1316,Female,9
Brooks,Fittis,1464,Male,9
Prudy,O'Sharkey,1056,Female,10
Pascale,Allebone,1429,Male,7
Jamey,Brolechan,1016,Male,4
Ansley,Billyard,1193,Female,9
Alvinia,Pizer,1843,Female,4
Arly,Dowdell,1285,Female,5
Kelci,Bruin,1477,Female,5
Henri,Bemlott,1273,Male,6
Freda,Raynor,1096,Female,10
Cesare,Aldington,1362,Male,5
Truda,Rutledge,1818,Female,8
Joela,Hintze,1831,Female,4
Helene,Laverenz,1927,Female,3
Kenon,Newlands,1830,Male,2
Pernell,Flea,1246,Male,10
Rolland,Sibun,1717,Male,2
Christie,Hammerson,1214,Female,10
Grantham,Frankom,1085,Male,1
Kelley,Standeven,1730,Female,8
Calhoun,McIlory,1957,Male,10
Yankee,Jewes,1081,Male,9
Zebadiah,Maryman,1722,Male,2
Waylen,Pitblado,1881,Male,1
Washington,Blaschke,1944,Male,2
Krishnah,Smeaton,1128,Male,1
Alexandros,Desson,1329,Male,5
Debor,Lettice,1773,Female,1
Bethanne,Vader,1320,Female,11
Arte,Siney,1470,Male,5
Zak,Gavrielly,1798,Male,4
Georgianne,Orvis,1687,Female,8
Akim,Petran,1305,Male,7
Ilario,Checchi,1088,Male,3
Samaria,Ramiro,1958,Female,10
Allix,Jimpson,1439,Female,12
Walsh,Claremont,1758,Male,2
Joye,Sanches,1993,Female,10
Brose,Szepe,1431,Male,8
Jamal,Shailer,1927,Male,6
Lacey,Pimmocke,1098,Female,8
Rosabella,Leemans,1886,Female,3
Domini,Blackaller,1683,Female,8
Gladi,Thonason,1317,Female,1
Mignon,Crosdill,1971,Female,6
Lucia,Stabbins,1782,Female,9
Cristen,Bernhardt,2000,Female,6
Kordula,Foltin,1832,Female,12
Wyn,Baybutt,1959,Male,6
Emmit,Craigg,1860,Male,6
Bette,Boldison,1141,Female,1
Kai,Keeping,1145,Female,9
Denys,Parade,1925,Female,12
Pacorro,Francillo,1191,Male,6
Maggi,Loachhead,1106,Female,4
Thorsten,Riach,1109,Male,9
Jaclin,Thurlby,1270,Female,11
Jeannine,Duesbury,1396,Female,12
Sophronia,Faircliff,1367,Female,1
Deny,Giabucci,1714,Female,2
Elston,Mc-Kerley,1308,Male,12
Sly,Kettell,1628,Male,2
Berrie,Dooland,1144,Female,7
Humberto,Venton,1626,Male,12
Ora,O'Curneen,1394,Female,9
Keelia,Shayes,1743,Female,3
Stacee,Collimore,2000,Female,4
Brittani,Drynan,1471,Female,2
Correna,Draysey,1721,Female,2
Troy,Scola,1932,Male,3
Merline,Rawnsley,1910,Female,1
Moselle,Danby,1580,Female,12
Tab,Creber,1839,Male,8
Pamela,Uttridge,1341,Female,7
Yard,Filipponi,1451,Male,12
Chris,Coats,1106,Male,3
Fielding,Wondraschek,1441,Male,1
Gilda,Hancock,1087,Female,3
Adler,Dumphrey,1796,Male,2
Tierney,Grimley,1216,Female,8
Felike,Fairlie,1950,Male,9
Griz,Treweke,1314,Male,7
Viva,O'Cahey,1289,Female,11
Averill,Grewe,1586,Male,10
Trish,Pelos,1219,Female,7
Laurent,Maryon,1954,Male,8
Charley,Kusick,1974,Male,1
Alric,Dmisek,1132,Male,12
Ferne,MacGovern,1577,Female,7
Issi,Scrase,1845,Female,4
Kizzee,Karby,1440,Female,9
Hilarius,Bernucci,1029,Male,1
Cathi,Tully,1740,Female,9
Hyman,Farnes,1718,Male,9
Laraine,MacLardie,1751,Female,11
Delmer,Dobbison,1664,Male,12
Carilyn,Whitcombe,1834,Female,4
Alikee,Healings,1164,Female,1
Renae,Geertje,1269,Female,4
Bucky,Houchen,1906,Male,6
Elberta,Breakspear,1845,Female,5
Morissa,Corsham,1390,Female,9
Willdon,Castagneto,1291,Male,5
Culver,Eathorne,1012,Male,5
Tiffany,Lescop,1200,Female,2
Amandi,Orrow,1631,Female,2
Berty,Jennison,1266,Female,8
Leonard,Edler,1096,Male,6
Fina,Wayne,1822,Female,3
Walsh,Leaves,1447,Male,2
Earl,Crewther,1851,Male,10
Mada,Ferrar,1106,Female,5
Cello,Collerd,1059,Male,4
Guillaume,Corck,1812,Male,9
Tallou,Bourley,1280,Female,7
Leonidas,Alenichicov,1487,Male,6
Linn,Pawley,1824,Female,6
Jefferson,Walkinshaw,1012,Male,8
Chaunce,Eitter,1047,Male,8
Thorny,Cadreman,1240,Male,6
Dode,McSperrin,1254,Female,10
Donelle,Boake,1667,Female,12
Elbertine,McGilben,1337,Female,8
Reiko,Pedro,1496,Female,4
Junia,Boullin,1607,Female,2
Berkeley,Haddock,1690,Male,9
Zulema,Chitham,1257,Female,10
Ray,Copes,1681,Female,1
Antony,MacPake,1926,Male,12
Jessey,Codron,1640,Male,12
Muffin,Morston,1243,Male,4
Crista,Rouse,1020,Female,1
Lynnet,Campe,1857,Female,7
Devlen,Eisold,1409,Male,5
Traci,Balffye,1219,Female,2
Morna,Phipson,1639,Female,9
Denna,Sholem,1307,Female,4
Angie,Grumble,1329,Male,6
Jesse,Westmancoat,1796,Female,12
Yard,Eddleston,1993,Male,11
Phylys,Locke,1902,Female,8
Dan,Girodias,1216,Male,5
Arty,Syde,1226,Male,5
Tracy,Forty,1214,Female,4
Maddy,Boggish,1268,Male,3
Sherill,Gian,1064,Female,1
Laurene,Cansdell,1077,Female,2
Kingsley,Vertigan,1783,Male,5
Whitney,Coxwell,1237,Female,11
Ynez,Gilmartin,1080,Female,2
Jeramie,McGrann,1401,Male,3
Blanche,Crothers,1492,Female,8
Ariadne,Moan,1391,Female,9
Vita,Coleridge,1348,Female,10
Hanni,Huffy,1760,Female,10
Fidelity,Robart,1228,Female,8
Reagan,Verne,1024,Male,2
Pippy,Farnfield,1373,Female,1
Seana,Denes,1173,Female,9
Amery,Rumford,1763,Male,6
Conny,Tyre,1854,Male,2
Bernard,Genever,1876,Male,10
Stuart,Adame,1337,Male,5
Allene,Gratten,1114,Female,2
Kristian,Saylor,1139,Male,5
Neel,Coatts,1288,Male,12
Clementius,Ogley,1256,Male,8
Corabel,Pitbladdo,1110,Female,9
Raimundo,Duffit,1115,Male,1
Corine,Maddie,1207,Female,7
Dewey,David,1005,Male,8
Cody,Tett,1452,Male,1
Brigg,Aronson,1133,Male,5
Finley,Eighteen,1467,Male,6
Tobe,Cockshott,1500,Female,12
Nichole,Adamides,1392,Male,12
Ashley,Laurand,1181,Female,5
Lindsay,Gethen,1255,Male,11
Arri,Grimolbie,1364,Male,7
Avril,Choldcroft,1531,Female,9
Delano,Moncrieffe,1224,Male,11
Teresa,Tann,1646,Female,8
Bradford,Petruskevich,1807,Male,2
Jeromy,Dannohl,1374,Male,8
Elysee,Puddephatt,1047,Female,9
Stevie,Vyvyan,1110,Male,11
Eleanore,Baton,1821,Female,7
Rutger,Varney,1844,Male,11
Katharyn,Dightham,1241,Female,6
Domenico,Woolens,1457,Male,3
Cathrine,Putton,1777,Female,6
Kingsly,Ferguson,1244,Male,3
Lauri,Scrivin,1336,Female,8
Dolorita,Kimbell,1879,Female,4
Johnath,McDugal,1206,Female,10
Tiphani,MacCarrick,1132,Female,5
Frazier,Glidden,1568,Male,11
Harcourt,Muggeridge,1212,Male,11
Grazia,Henrique,1920,Female,9
Mommy,Menere,1845,Female,4
Derril,Girsch,1307,Male,8
Starr,Cotta,1453,Female,7
Donny,Trapp,1305,Female,8
Junia,Olennikov,1529,Female,7
Farrand,Stucke,1967,Female,9
Kylila,Apedaile,1037,Female,9
Ingaborg,Quiddinton,1397,Female,11
Dag,Bowles,1952,Male,6
Zachariah,Simcoe,1474,Male,9
Marabel,Naile,1828,Female,1
Laney,Wraighte,1007,Male,12
Calli,Reinhart,1410,Female,12
Ethel,Godlonton,1663,Female,8
Bette,Fiske,1077,Female,1
Armando,Collop,1841,Male,11
Katha,Buddleigh,1606,Female,12
Francisco,Benardeau,1689,Male,9
Clarisse,Philpotts,1114,Female,2
Urson,Leftly,1483,Male,3
Aprilette,Swarbrick,1898,Female,8
Reynard,Feye,2000,Male,5
Miltie,Fincken,1858,Male,3
Eloise,Tissier,1722,Female,1
Tedmund,Sibray,1429,Male,7
Herculie,Cordoba,1937,Male,9
Nickie,Arundel,1066,Male,10
Hollyanne,Lofting,1637,Female,9
Rodolfo,Mozzetti,1390,Male,7
Abbi,Skally,1576,Female,7
Emanuele,Fullbrook,1631,Male,5
Siward,Corbie,1721,Male,5
Jemimah,Catmull,1549,Female,3
Hetti,Edlyn,1113,Female,7
Hasty,Coulthard,1858,Male,9
Hernando,Gartin,1205,Male,4
Zabrina,Heyworth,1719,Female,1
Madeleine,Lamba,1013,Female,2
Nerty,Mattiuzzi,1788,Female,11
Nil,Yeatman,1612,Male,2
Deva,Dolman,1337,Female,3
Jake,Williamson,1510,Male,3
Marten,Worland,1693,Male,2
Jackson,Artin,1936,Male,5
Judye,Grenville,1712,Female,2
Dianna,MacGorley,1033,Female,3
Ossie,Potzold,1903,Male,3
Edlin,Ciciotti,1863,Male,8
Dennis,Szymanowicz,1671,Male,7
Curcio,Foster-Smith,1095,Male,10
Sherri,Bampton,1341,Female,3
Arnoldo,Tweedle,1078,Male,4
Clayborn,Dudbridge,1478,Male,11
Allsun,McAster,1592,Female,6
Drona,Laflin,1939,Female,1
Lotta,Mc Cahey,1666,Female,2
Cameron,Argue,1652,Male,6
Lewiss,Morpeth,1634,Male,6
Arel,Chevins,1000,Male,9
Brad,Orgen,1716,Male,4
Valma,Hildrew,1965,Female,9
Carolan,Jervois,1909,Female,12
Mellicent,Vowles,1413,Female,1
Dermot,Corrado,1850,Male,12
Sarge,Shilstone,1766,Male,8
Kendal,Garham,1164,Male,9
Ansel,De Dei,1268,Male,7
Nolana,Rundle,1172,Female,2
Misha,Levi,1120,Female,7
Israel,Raper,1214,Male,12
Manny,Menezes,1431,Male,8
Milt,Halpen,1615,Male,2
Anatole,Eddies,1737,Male,9
Ray,Dawidman,1627,Male,12
Mariette,Bowller,1643,Female,1
Dorey,Staziker,1318,Female,10
Kingsly,Meus,1329,Male,2
Alvie,Russ,1562,Male,1
Nixie,Hankins,1269,Female,1
Burr,Farrent,1419,Male,8
Elyssa,Avrahamy,1748,Female,11
Marina,Anscott,1613,Female,1
Shelagh,Worvell,1556,Female,2
Isabelle,Fitzroy,1249,Female,6
Alva,Sharpus,1512,Male,12
Serge,Tettersell,1716,Male,1
Griffy,Cleevely,1866,Male,1
Val,Eirwin,1008,Female,9
Candi,Sellar,1358,Female,3
Sondra,Burgan,1418,Female,1
Pincas,Gregoraci,1734,Male,11
Moina,Bingham,1201,Female,12
Lynne,Chipp,1833,Female,2
Stanton,Kopacek,1135,Male,9
Rosella,Gippes,1654,Female,11
Millard,Matias,1095,Male,11
Brewer,Tallon,1088,Male,8
Orland,Quarrington,1120,Male,7
Marabel,Jeratt,1465,Female,6
Raul,Saiger,1305,Male,6
Magdaia,Serck,1506,Female,8
Cheri,Lourenco,1718,Female,6
Theresa,Sieghart,1642,Female,10
Rourke,Barens,1878,Male,8
Sutherlan,Stannett,1926,Male,4
Rosalinda,Bigglestone,1903,Female,4
Sherman,Penwarden,1910,Male,11
Bette-ann,Hubane,1037,Female,12
Emmy,Fincher,1336,Male,1
Berna,Burfoot,1190,Female,1
Sholom,Carreyette,1717,Male,4
Pacorro,Tripett,1661,Male,8
Chalmers,Bonniface,1022,Male,12
Chevalier,Churchley,1074,Male,10
Torry,Nafzger,1204,Male,2
Ted,Sheldrake,1772,Female,9
Lishe,Shinn,1662,Female,5
Oralee,Sterry,1712,Female,5
Franzen,Pirot,1774,Male,9
Nevins,Willas,1889,Male,4
Brady,Rainer,1549,Male,10
Gabriella,Growy,1045,Female,2
Barbara-anne,Cushe,1424,Female,7
Vonnie,Gatcliff,1992,Female,11
Hillery,Huston,1112,Male,1
Laird,Lighten,1819,Male,9
Patricio,Fronek,1269,Male,7
Clarie,Dominiak,1768,Female,2
Clement,Guerrazzi,1099,Male,9
Thorvald,Bickerdike,1091,Male,7
Elwira,Liff,1374,Female,8
Markus,Wedlake,1767,Male,9
Magda,Pymm,1167,Female,10
Mollee,Purselowe,1845,Female,12
Stacy,Blenkensop,1257,Male,5
Gypsy,Scard,1951,Female,2
Coralyn,MacAlpin,1798,Female,4
Emmett,Diter,1923,Male,2
Ossie,Roughey,1053,Male,3
Aleksandr,Pinckstone,1990,Male,3
Adelheid,Redferne,1937,Female,4
Suki,Dellenbroker,1839,Female,11
Correy,Cheale,1257,Male,9
Noach,Skill,1469,Male,3
Ardyce,MacIan,1687,Female,6
Greer,Jancey,1281,Female,10
Lillis,Huck,1741,Female,6
Osmund,Dermot,1948,Male,1
Sabine,Strodder,1694,Female,4
Loy,Glasspoole,1923,Male,11
Klarika,Lewnden,1736,Female,9
Tito,Daniaud,1973,Male,6
Peyton,Trahearn,1887,Male,7
Bartie,Momery,1046,Male,11
Celinka,Fradgley,1499,Female,9
Udell,Walentynowicz,1374,Male,8
Randi,Culshaw,1041,Female,4
Barron,Lots,1876,Male,5
Karylin,Prandin,1621,Female,8
Karrah,de Marco,1836,Female,5
Debora,Dorcey,1391,Female,10
Brunhilde,Tew,1829,Female,10
Arlena,McGlaughn,1788,Female,9
Tibold,Old,1678,Male,2
Mal,Fandrey,1985,Male,7
Raleigh,Hebner,1805,Male,4
Urbanus,D' Angelo,1999,Male,7
Cornie,Klaas,1949,Male,2
Corrianne,Padell,1509,Female,8
Hallsy,Kingsford,1715,Male,2
Field,Starkie,1656,Male,4
Carlie,Pendrich,1242,Male,5
Dennie,Scalera,1122,Male,7
Ancell,Antonucci,1075,Male,1
Minor,O'Brien,1438,Male,9
Vassily,Boothman,1730,Male,2
Westbrook,Martineau,1953,Male,11
Kristan,Dawidowsky,1816,Female,12
Sky,Aires,1781,Male,9
Redford,Blaze,1114,Male,9
Adan,Dolling,1676,Male,11
Manny,Kennaway,1849,Male,9
Arvin,Rolley,1847,Male,11
Julita,Dedmam,1990,Female,9
Teodorico,Klambt,1122,Male,12
Forest,Whetnell,1635,Male,8
Hannis,Gouny,1658,Female,8
Cecil,Berre,1722,Female,3
Ariana,Carrodus,1653,Female,3
Kiley,Poundford,1663,Male,2
Luce,Whyte,1859,Female,12
Odette,Bartle,1432,Female,12
Teodora,Babbage,1632,Female,12
Birdie,Stancer,1033,Female,5
Jada,Penreth,1865,Female,12
Symon,Stollwerck,1226,Male,8
Fina,Jurzyk,1160,Female,12
Wang,Giff,1416,Male,1
Goddard,Yitshak,1601,Male,8
Dierdre,Creighton,1203,Female,5
Carlita,Fairbard,1287,Female,5
Berky,McGrill,1673,Male,9
Celinka,Regnard,1570,Female,10
Ingrim,Jay,1358,Male,3
Rodolfo,Ayrs,1176,Male,10
Blayne,Twamley,1658,Male,8
Allina,McMenamy,1817,Female,9
Sela,Este,1907,Female,7
Jacenta,Cleminshaw,1022,Female,9
Demetre,Sciacovelli,1314,Male,9
Natala,Dechelette,1728,Female,11
Rorie,Bartoletti,1167,Female,8
Phylys,Gauden,1370,Female,4
Danie,Gibbins,1835,Male,10
Josselyn,Lindholm,1090,Female,10
Ardisj,Foulds,1924,Female,11
Tildy,Brick,1102,Female,2
Arabella,Wendover,1835,Female,12
Phineas,Buller,1117,Male,10
Kale,Coogan,1849,Male,5
Hestia,Thompstone,1684,Female,8
Augy,Askie,1543,Male,4
Lefty,Martinek,1705,Male,5
Estell,Lancashire,1011,Female,4
Jarrad,Kintzel,1616,Male,11
Dianna,Kenn,1855,Female,5
Cindie,Brocking,1750,Female,7
Adda,Barnardo,1812,Female,7
Martha,Rowbottom,1995,Female,7
Murielle,Janiak,1475,Female,6
Emilee,Artz,1325,Female,5
Elset,Spiaggia,1981,Female,5
Lisetta,McIlroy,1756,Female,4
Gail,Dono,1892,Male,5
Kristian,Cadell,1280,Male,6
Randal,Borgesio,1074,Male,12
Galvin,Eddow,1140,Male,8
Merrilee,Edser,1619,Female,11
Hardy,Welbrock,1652,Male,11
Heloise,Burnet,1837,Female,1
